{"USDAED": 3.672965, "USDAFN": 68.101348, "USDALL": 93.659874, "USDAMD": 399.866743, "USDANG": 1.805056, "USDAOA": 913.506631, "USDARS": 1011.750032, "USDAUD": 1.558822, "USDAWG": 1.8, "USDAZN": 1.697068, "USDBAM": 1.861603, "USDBBD": 2.006758, "USDBDT": 119.693508, "USDBGN": 1.862902, "USDBHD": 0.376992, "USDBIF": 2959.09238, "USDBMD": 1, "USDBND": 1.346773, "USDBOB": 6.920807, "USDBRL": 6.042498, "USDBSD": 1.001609, "USDBTC": 1.0335112e-05, "USDBTN": 84.805825, "USDBWP": 13.664443, "USDBYN": 3.275176, "USDBYR": 19600, "USDBZD": 2.008186, "USDCAD": 1.40642, "USDCDF": 2870.000053, "USDCHF": 0.887055, "USDCLF": 0.035262, "USDCLP": 973.000115, "USDCNY": 7.272803, "USDCNH": 7.28395, "USDCOP": 4437.25, "USDCRC": 508.166451, "USDCUC": 1, "USDCUP": 26.5, "USDCVE": 104.954312, "USDCZK": 23.95235, "USDDJF": 178.355226, "USDDKK": 7.103602, "USDDOP": 60.629711, "USDDZD": 133.879673, "USDEGP": 49.863018, "USDERN": 15, "USDETB": 125.095609, "USDEUR": 0.952475, "USDFJD": 2.281597, "USDFKP": 0.789317, "USDGBP": 0.788864, "USDGEL": 2.870061, "USDGGP": 0.789317, "USDGHS": 15.174186, "USDGIP": 0.789317, "USDGMD": 70.999828, "USDGNF": 8632.833321, "USDGTQ": 7.733676, "USDGYD": 209.451742, "USDHKD": 7.78376, "USDHNL": 25.360974, "USDHRK": 7.133259, "USDHTG": 131.299672, "USDHUF": 394.36967, "USDIDR": 15925.5, "USDILS": 3.611195, "USDIMP": 0.789317, "USDINR": 84.742499, "USDIQD": 1312.169816, "USDIRR": 42087.501353, "USDISK": 138.770198, "USDJEP": 0.789317, "USDJMD": 157.03911, "USDJOD": 0.709103, "USDJPY": 150.717019, "USDKES": 129.250299, "USDKGS": 86.801156, "USDKHR": 4038.452387, "USDKMF": 467.624973, "USDKPW": 899.999621, "USDKRW": 1414.840373, "USDKWD": 0.30759, "USDKYD": 0.834706, "USDKZT": 524.020751, "USDLAK": 21979.821055, "USDLBP": 89692.747002, "USDLKR": 291.038028, "USDLRD": 179.286319, "USDLSL": 18.105844, "USDLTL": 2.95274, "USDLVL": 0.60489, "USDLYD": 4.887683, "USDMAD": 10.009614, "USDMDL": 18.329526, "USDMGA": 4706.789389, "USDMKD": 58.600018, "USDMMK": 3247.960992, "USDMNT": 3397.999946, "USDMOP": 8.030651, "USDMRU": 39.670106, "USDMUR": 46.670357, "USDMVR": 15.460092, "USDMWK": 1736.717873, "USDMXN": 20.345895, "USDMYR": 4.452504, "USDMZN": 63.91029, "USDNAD": 18.106706, "USDNGN": 1656.559741, "USDNIO": 36.853026, "USDNOK": 11.059775, "USDNPR": 135.682673, "USDNZD": 1.711904, "USDOMR": 0.385012, "USDPAB": 1.001618, "USDPEN": 3.751475, "USDPGK": 4.04325, "USDPHP": 58.286999, "USDPKR": 278.290327, "USDPLN": 4.085096, "USDPYG": 7804.111936, "USDQAR": 3.651913, "USDRON": 4.740019, "USDRSD": 111.370971, "USDRUB": 105.377053, "USDRWF": 1382.123107, "USDSAR": 3.757592, "USDSBD": 8.348554, "USDSCR": 13.908142, "USDSDG": 601.497456, "USDSEK": 11.00579, "USDSGD": 1.3468, "USDSHP": 0.789317, "USDSLE": 22.749841, "USDSLL": 20969.504736, "USDSOS": 572.418454, "USDSRD": 35.381501, "USDSTD": 20697.981008, "USDSVC": 8.763981, "USDSYP": 2512.529858, "USDSZL": 18.111383, "USDTHB": 34.337992, "USDTJS": 10.9179, "USDTMT": 3.5, "USDTND": 3.156387, "USDTOP": 2.342101, "USDTRY": 34.751735, "USDTTD": 6.778354, "USDTWD": 32.444804, "USDTZS": 2630.000155, "USDUAH": 41.817239, "USDUGX": 3685.51304, "USDUYU": 43.241957, "USDUZS": 12845.992766, "USDVES": 47.795512, "USDVND": 25410, "USDVUV": 118.722009, "USDWST": 2.791591, "USDXAF": 624.346345, "USDXAG": 0.032445, "USDXAU": 0.000379, "USDXCD": 2.70255, "USDXDR": 0.761843, "USDXOF": 624.35823, "USDXPF": 113.516086, "USDYER": 250.349682, "USDZAR": 18.164415, "USDZMK": 9001.199029, "USDZMW": 27.068342, "USDZWL": 321.999592}